{
  "msgpack": {
    "serialize": {
      "mean": 7.586758583784103e-07,
      "stdev": 3.1940531468081525e-07,
      "median": 7.499984349124134e-07,
      "min": 6.249974831007421e-07,
      "max": 8.625000191386789e-06
    },
    "deserialize": {
      "mean": 3.440383094130084e-06,
      "stdev": 6.355370161277947e-07,
      "median": 3.4999975468963385e-06,
      "min": 3.082997864112258e-06,
      "max": 2.0291998225729913e-05
    },
    "size": 20723
  },
  "json": {
    "serialize": {
      "mean": 4.232917970512062e-06,
      "stdev": 7.283920337811759e-07,
      "median": 4.292000085115433e-06,
      "min": 3.7919962778687477e-06,
      "max": 1.8582999473437667e-05
    },
    "deserialize": {
      "mean": 6.054790923371911e-06,
      "stdev": 5.375034541619381e-07,
      "median": 6.16600300418213e-06,
      "min": 5.457994120661169e-06,
      "max": 1.354100095340982e-05
    },
    "size": 20880
  },
  "speedup": {
    "serialize": 5.579349762834787,
    "deserialize": 1.7599176480382317,
    "total": 2.4500034436854365,
    "size_ratio": 1.0075761231481928
  }
}