{
  "timestamp": "2025-09-03T22:06:48.712953+00:00",
  "test_file": "tests/test_source_files/non-ascii-text.pdf",
  "trials": 2,
  "cold_cache": {
    "mean": 7.21492075920105,
    "stdev": 10.203350786489622,
    "median": 7.21492075920105,
    "min": 6.222724914550781e-5,
    "max": 14.429779291152954,
    "raw_times": [14.429779291152954, 6.222724914550781e-5]
  },
  "warm_cache": {
    "mean": 4.494190216064453e-5,
    "stdev": 5.563384003438012e-6,
    "median": 4.494190216064453e-5,
    "min": 4.100799560546875e-5,
    "max": 4.887580871582031e-5,
    "raw_times": [4.887580871582031e-5, 4.100799560546875e-5]
  }
}
